{
    "name": "root",
    "gauges": {
        "ZombAI.Policy.Entropy.mean": {
            "value": 1.2464561462402344,
            "min": 1.2432526350021362,
            "max": 1.299942135810852,
            "count": 282
        },
        "ZombAI.Policy.Entropy.sum": {
            "value": 12534.36328125,
            "min": 12257.54296875,
            "max": 13061.162109375,
            "count": 282
        },
        "ZombAI.Step.mean": {
            "value": 2819968.0,
            "min": 9920.0,
            "max": 2819968.0,
            "count": 282
        },
        "ZombAI.Step.sum": {
            "value": 2819968.0,
            "min": 9920.0,
            "max": 2819968.0,
            "count": 282
        },
        "ZombAI.Policy.ExtrinsicValueEstimate.mean": {
            "value": 0.02678481861948967,
            "min": -0.014127322472631931,
            "max": 0.31831294298171997,
            "count": 282
        },
        "ZombAI.Policy.ExtrinsicValueEstimate.sum": {
            "value": 2.1427855491638184,
            "min": -1.122169852256775,
            "max": 25.1467227935791,
            "count": 282
        },
        "ZombAI.Environment.EpisodeLength.mean": {
            "value": 999.0,
            "min": 999.0,
            "max": 999.0,
            "count": 282
        },
        "ZombAI.Environment.EpisodeLength.sum": {
            "value": 7992.0,
            "min": 7992.0,
            "max": 15984.0,
            "count": 282
        },
        "ZombAI.Environment.CumulativeReward.mean": {
            "value": 4.5625,
            "min": -4.0,
            "max": 6.888888888888889,
            "count": 282
        },
        "ZombAI.Environment.CumulativeReward.sum": {
            "value": 36.5,
            "min": -43.5,
            "max": 62.0,
            "count": 282
        },
        "ZombAI.Policy.ExtrinsicReward.mean": {
            "value": 4.5625,
            "min": -4.0,
            "max": 6.888888888888889,
            "count": 282
        },
        "ZombAI.Policy.ExtrinsicReward.sum": {
            "value": 36.5,
            "min": -43.5,
            "max": 62.0,
            "count": 282
        },
        "ZombAI.IsTraining.mean": {
            "value": 1.0,
            "min": 1.0,
            "max": 1.0,
            "count": 282
        },
        "ZombAI.IsTraining.sum": {
            "value": 1.0,
            "min": 1.0,
            "max": 1.0,
            "count": 282
        },
        "ZombAI.Losses.PolicyLoss.mean": {
            "value": 0.012418892203519742,
            "min": 0.01086528180943181,
            "max": 0.027525118233946464,
            "count": 134
        },
        "ZombAI.Losses.PolicyLoss.sum": {
            "value": 0.012418892203519742,
            "min": 0.01086528180943181,
            "max": 0.027525118233946464,
            "count": 134
        },
        "ZombAI.Losses.ValueLoss.mean": {
            "value": 0.009594817738980055,
            "min": 0.005049867951311171,
            "max": 0.2569705445319414,
            "count": 134
        },
        "ZombAI.Losses.ValueLoss.sum": {
            "value": 0.009594817738980055,
            "min": 0.005049867951311171,
            "max": 0.2569705445319414,
            "count": 134
        },
        "ZombAI.Policy.LearningRate.mean": {
            "value": 0.00043717125628288004,
            "min": 0.00043717125628288004,
            "max": 0.0009957760004223996,
            "count": 134
        },
        "ZombAI.Policy.LearningRate.sum": {
            "value": 0.00043717125628288004,
            "min": 0.00043717125628288004,
            "max": 0.0009957760004223996,
            "count": 134
        },
        "ZombAI.Policy.Epsilon.mean": {
            "value": 0.14371711999999995,
            "min": 0.14371711999999995,
            "max": 0.19957759999999994,
            "count": 134
        },
        "ZombAI.Policy.Epsilon.sum": {
            "value": 0.14371711999999995,
            "min": 0.14371711999999995,
            "max": 0.19957759999999994,
            "count": 134
        },
        "ZombAI.Policy.Beta.mean": {
            "value": 0.002191484288,
            "min": 0.002191484288,
            "max": 0.004978922239999999,
            "count": 134
        },
        "ZombAI.Policy.Beta.sum": {
            "value": 0.002191484288,
            "min": 0.002191484288,
            "max": 0.004978922239999999,
            "count": 134
        }
    },
    "metadata": {
        "timer_format_version": "0.1.0",
        "start_time_seconds": "1684242470",
        "python_version": "3.8.16 (default, Jan 17 2023, 22:25:28) [MSC v.1916 64 bit (AMD64)]",
        "command_line_arguments": "C:\\ProgramData\\Anaconda3\\envs\\ML-Agents-2.0\\Scripts\\mlagents-learn ./trainer_config.yaml --initialize-from=ZM_15 --run-id=ZM_16 --torch-device cuda",
        "mlagents_version": "0.30.0",
        "mlagents_envs_version": "0.30.0",
        "communication_protocol_version": "1.5.0",
        "pytorch_version": "2.0.0",
        "numpy_version": "1.21.2",
        "end_time_seconds": "1684245955"
    },
    "total": 3485.0872728,
    "count": 1,
    "self": 0.006442299999889656,
    "children": {
        "run_training.setup": {
            "total": 0.09928019999999993,
            "count": 1,
            "self": 0.09928019999999993
        },
        "TrainerController.start_learning": {
            "total": 3484.9815503,
            "count": 1,
            "self": 7.261147999981404,
            "children": {
                "TrainerController._reset_env": {
                    "total": 27.4931676,
                    "count": 1,
                    "self": 27.4931676
                },
                "TrainerController.advance": {
                    "total": 3450.1281948000187,
                    "count": 352901,
                    "self": 3.323272900003758,
                    "children": {
                        "env_step": {
                            "total": 3446.804921900015,
                            "count": 352901,
                            "self": 2120.277737999975,
                            "children": {
                                "SubprocessEnvManager._take_step": {
                                    "total": 1322.892595500076,
                                    "count": 352901,
                                    "self": 15.823571700116872,
                                    "children": {
                                        "TorchPolicy.evaluate": {
                                            "total": 1307.069023799959,
                                            "count": 352901,
                                            "self": 1307.069023799959
                                        }
                                    }
                                },
                                "workers": {
                                    "total": 3.634588399963949,
                                    "count": 352900,
                                    "self": 0.0,
                                    "children": {
                                        "worker_root": {
                                            "total": 3447.671062699994,
                                            "count": 352900,
                                            "is_parallel": true,
                                            "self": 1700.4291391999097,
                                            "children": {
                                                "steps_from_proto": {
                                                    "total": 0.0005261999999994771,
                                                    "count": 1,
                                                    "is_parallel": true,
                                                    "self": 0.00020560000000102718,