{
    "name": "root",
    "metadata": {
        "timer_format_version": "0.1.0",
        "start_time_seconds": "1684268878",
        "python_version": "3.8.16 (default, Mar  2 2023, 03:18:16) [MSC v.1916 64 bit (AMD64)]",
        "command_line_arguments": "C:\\Users\\enaks\\anaconda3\\envs\\ML-Agents-2.0\\Scripts\\mlagents-learn ./trainer_config.yaml --initialize-from=zm_15 --run-id=zm_16 --torch-device cuda",
        "mlagents_version": "0.30.0",
        "mlagents_envs_version": "0.30.0",
        "communication_protocol_version": "1.5.0",
        "pytorch_version": "2.0.0",
        "numpy_version": "1.21.2",
        "end_time_seconds": "1684279767"
    },
    "total": 10888.9688513,
    "count": 1,
    "self": 0.012228300000060699,
    "children": {
        "run_training.setup": {
            "total": 0.15345479999999956,
            "count": 1,
            "self": 0.15345479999999956
        },
        "TrainerController.start_learning": {
            "total": 10888.8031682,
            "count": 1,
            "self": 19.959112500131596,
            "children": {
                "TrainerController._reset_env": {
                    "total": 18.9807177,
                    "count": 1,
                    "self": 18.9807177
                },
                "TrainerController.advance": {
                    "total": 10849.732664099867,
                    "count": 605674,
                    "self": 9.130820699645483,
                    "children": {
                        "env_step": {
                            "total": 10840.601843400222,
                            "count": 605674,
                            "self": 5869.743401199357,
                            "children": {
                                "SubprocessEnvManager._take_step": {
                                    "total": 4959.621510300731,
                                    "count": 605674,
                                    "self": 51.7065185006486,
                                    "children": {
                                        "TorchPolicy.evaluate": {
                                            "total": 4907.914991800082,
                                            "count": 605674,
                                            "self": 4907.914991800082
                                        }
                                    }
                                },
                                "workers": {
                                    "total": 11.236931900133854,
                                    "count": 605673,
                                    "self": 0.0,
                                    "children": {
                                        "worker_root": {
                                            "total": 10843.189938699881,
                                            "count": 605673,
                                            "is_parallel": true,
                                            "self": 6193.561954700253,
                                            "children": {
                                                "steps_from_proto": {
                                                    "total": 0.005078000000001026,
                                                    "count": 1,
                                                    "is_parallel": true,
                                                    "self": 0.0018920999999956223,
                                                    "children": {
                                                        "_process_rank_one_or_two_observation": {
                                                            "total": 0.003185900000005404,
                                                            "count": 6,
                                                            "is_parallel": true,
                                                            "self": 0.003185900000005404
                                                        }
                                                    }
                                                },
                                                "UnityEnvironment.step": {
                                                    "total": 4649.622905999628,
                                                    "count": 605673,
                                                    "is_parallel": true,
                                                    "self": 107.42069189940594,
                                                    "children": {
                                                        "UnityEnvironment._generate_step_input": {
                                                            "total": 128.0809916999207,
                                                            "count": 605673,
                                                            "is_parallel": true,
                                                            "self": 128.0809916999207
                                                        },
                                                        "communicator.exchange": {
                                                            "total": 4048.751198699761,
                                                            "count": 605673,
                                                            "is_parallel": true,
                                                            "self": 4048.751198699761
                                                        },
                                                        "steps_from_proto": {
                                                            "total": 365.37002370054006,
                                                            "count": 605673,
                                                            "is_parallel": true,
                                                            "self": 138.57958780010892,
                                                            "children": {
                                                                "_process_rank_one_or_two_observation": {
                                                                    "total": 226.79043590043113,
                                                                    "count": 3634038,
                                                                    "is_parallel": true,
                                                                    "self": 226.79043590043113
                                                                }
                                                            }
                                                        }
                                                    }
                                                }
                                            }
                                        }
                                    }
                                }
                            }
                        }
                    }
                },
                "TrainerController._save_models": {
                    "total": 0.1306739000010566,
                    "count": 1,
                    "self": 0.009287400001994683,
                    "children": {
                        "RLTrainer._checkpoint": {
                            "total": 0.12138649999906193,
                            "count": 1,
                            "self": 0.12138649999906193
                        }
                    }
                }
            }
        }
    }
}