{
    "name": "root",
    "gauges": {
        "ZombAI.Policy.Entropy.mean": {
            "value": 1.4111154079437256,
            "min": 1.3689104318618774,
            "max": 1.4385298490524292,
            "count": 500
        },
        "ZombAI.Policy.Entropy.sum": {
            "value": 13907.953125,
            "min": 13491.9814453125,
            "max": 14449.880859375,
            "count": 500
        },
        "ZombAI.Step.mean": {
            "value": 4999768.0,
            "min": 9792.0,
            "max": 4999768.0,
            "count": 500
        },
        "ZombAI.Step.sum": {
            "value": 4999768.0,
            "min": 9792.0,
            "max": 4999768.0,
            "count": 500
        },
        "ZombAI.Policy.ExtrinsicValueEstimate.mean": {
            "value": -0.04839932173490524,
            "min": -0.7641423940658569,
            "max": -0.022182505577802658,
            "count": 500
        },
        "ZombAI.Policy.ExtrinsicValueEstimate.sum": {
            "value": -1.9359729290008545,
            "min": -30.56569480895996,
            "max": -0.8873002529144287,
            "count": 500
        },
        "ZombAI.Environment.EpisodeLength.mean": {
            "value": 999.0,
            "min": 999.0,
            "max": 999.0,
            "count": 500
        },
        "ZombAI.Environment.EpisodeLength.sum": {
            "value": 15984.0,
            "min": 7992.0,
            "max": 15984.0,
            "count": 500
        },
        "ZombAI.Environment.CumulativeReward.mean": {
            "value": -4.43233355085055,
            "min": -6.811499964445829,
            "max": -3.999000199139118,
            "count": 500
        },
        "ZombAI.Environment.CumulativeReward.sum": {
            "value": -66.48500326275826,
            "min": -83.48500284552574,
            "max": -31.992001593112946,
            "count": 500
        },
        "ZombAI.Policy.ExtrinsicReward.mean": {
            "value": -4.43233355085055,
            "min": -6.811499964445829,
            "max": -3.999000199139118,
            "count": 500
        },
        "ZombAI.Policy.ExtrinsicReward.sum": {
            "value": -66.48500326275826,
            "min": -83.48500284552574,
            "max": -31.992001593112946,
            "count": 500
        },
        "ZombAI.IsTraining.mean": {
            "value": 1.0,
            "min": 1.0,
            "max": 1.0,
            "count": 500
        },
        "ZombAI.IsTraining.sum": {
            "value": 1.0,
            "min": 1.0,
            "max": 1.0,
            "count": 500
        },
        "ZombAI.Losses.PolicyLoss.mean": {
            "value": 0.016200490451107424,
            "min": 0.0107505264148737,
            "max": 0.022210572970410188,
            "count": 227
        },
        "ZombAI.Losses.PolicyLoss.sum": {
            "value": 0.016200490451107424,
            "min": 0.0107505264148737,
            "max": 0.022210572970410188,
            "count": 227
        },
        "ZombAI.Losses.ValueLoss.mean": {
            "value": 0.0002635460232947177,
            "min": 1.3726916070784986e-05,
            "max": 0.4441494856451754,
            "count": 227
        },
        "ZombAI.Losses.ValueLoss.sum": {
            "value": 0.0002635460232947177,
            "min": 1.3726916070784986e-05,
            "max": 0.4441494856451754,
            "count": 227
        },
        "ZombAI.Policy.LearningRate.mean": {
            "value": 1.1904998809600363e-06,
            "min": 1.1904998809600363e-06,
            "max": 0.0009955712004428795,
            "count": 227
        },
        "ZombAI.Policy.LearningRate.sum": {
            "value": 1.1904998809600363e-06,
            "min": 1.1904998809600363e-06,
            "max": 0.0009955712004428795,
            "count": 227
        },
        "ZombAI.Policy.Epsilon.mean": {
            "value": 0.10011904000000002,
            "min": 0.10011904000000002,
            "max": 0.19955711999999995,
            "count": 227
        },
        "ZombAI.Policy.Epsilon.sum": {
            "value": 0.10011904000000002,
            "min": 0.10011904000000002,
            "max": 0.19955711999999995,
            "count": 227
        },
        "ZombAI.Policy.Beta.mean": {
            "value": 1.5940096000000182e-05,
            "min": 1.5940096000000182e-05,
            "max": 0.004977900288,
            "count": 227
        },
        "ZombAI.Policy.Beta.sum": {
            "value": 1.5940096000000182e-05,
            "min": 1.5940096000000182e-05,
            "max": 0.004977900288,
            "count": 227
        }
    },
    "metadata": {
        "timer_format_version": "0.1.0",
        "start_time_seconds": "1684751746",
        "python_version": "3.8.16 (default, Jan 17 2023, 22:25:28) [MSC v.1916 64 bit (AMD64)]",
        "command_line_arguments": "C:\\ProgramData\\Anaconda3\\envs\\ML-Agents-2.0\\Scripts\\mlagents-learn ./trainer_config.yaml --run-id zm_27 --torch-device cuda",
        "mlagents_version": "0.30.0",
        "mlagents_envs_version": "0.30.0",
        "communication_protocol_version": "1.5.0",
        "pytorch_version": "2.0.0",
        "numpy_version": "1.21.2",
        "end_time_seconds": "1684758562"
    },
    "total": 6816.3847955,
    "count": 1,
    "self": 0.01742259999991802,
    "children": {
        "run_training.setup": {
            "total": 0.10066160000000002,
            "count": 1,
            "self": 0.10066160000000002
        },
        "TrainerController.start_learning": {
            "total": 6816.2667113,
            "count": 1,
            "self": 13.144412099791225,
            "children": {
                "TrainerController._reset_env": {
                    "total": 8.7012702,
                    "count": 1,
                    "self": 8.7012702
                },
                "TrainerController.advance": {
                    "total": 6794.3245568002085,
                    "count": 625257,
                    "self": 6.6317583002373794,
                    "children": {
                        "env_step": {
                            "total": 6787.692798499971,
                            "count": 625257,
                            "self": 3988.0317984997623,
                            "children": {
                                "SubprocessEnvManager._take_step": {
                                    "total": 2792.6613565002885,
                                    "count": 625257,
                                    "self": 33.48535430043057,
                                    "children": {
                                        "TorchPolicy.evaluate": {
                                            "total": 2759.176002199858,
                                            "count": 625257,
                                            "self": 2759.176002199858
                                        }
                                    }
                                },
                                "workers": {
                                    "total": 6.9996434999204205,
                                    "count": 625257,
                                    "self": 0.0,
                                    "children": {
                                        "worker_root": {
                                            "total": 6793.486726400299,
                                            "count": 625257,
                                            "is_parallel": true,
                                            "self": 3570.0773422001816,
                                            "children": {
                                                "steps_from_proto": {
                                                    "total": 0.0006013999999998632,
                                                    "count": 1,
                                                    "is_parallel": true,
                                                    "self": 0.00019599999999986295,