{
    "name": "root",
    "gauges": {
        "ZombAI.Policy.Entropy.mean": {
            "value": 0.9707283973693848,
            "min": 0.9707283973693848,
            "max": 1.2713830471038818,
            "count": 500
        },
        "ZombAI.Policy.Entropy.sum": {
            "value": 9567.4990234375,
            "min": 9317.43359375,
            "max": 12899.0927734375,
            "count": 500
        },
        "ZombAI.Step.mean": {
            "value": 4999960.0,
            "min": 9984.0,
            "max": 4999960.0,
            "count": 500
        },
        "ZombAI.Step.sum": {
            "value": 4999960.0,
            "min": 9984.0,
            "max": 4999960.0,
            "count": 500
        },
        "ZombAI.Policy.ExtrinsicValueEstimate.mean": {
            "value": 0.2320740520954132,
            "min": -0.026325523853302002,
            "max": 0.491023987531662,
            "count": 500
        },
        "ZombAI.Policy.ExtrinsicValueEstimate.sum": {
            "value": 37.59599685668945,
            "min": -4.21208381652832,
            "max": 78.07281494140625,
            "count": 500
        },
        "ZombAI.Environment.EpisodeLength.mean": {
            "value": 999.0,
            "min": 999.0,
            "max": 999.0,
            "count": 500
        },
        "ZombAI.Environment.EpisodeLength.sum": {
            "value": 15984.0,
            "min": 7992.0,
            "max": 15984.0,
            "count": 500
        },
        "ZombAI.Environment.CumulativeReward.mean": {
            "value": 31.63433310886224,
            "min": -7.936499113216996,
            "max": 39.83433279891809,
            "count": 500
        },
        "ZombAI.Environment.CumulativeReward.sum": {
            "value": 474.5149966329336,
            "min": -63.49199290573597,
            "max": 597.5149919837713,
            "count": 500
        },
        "ZombAI.Policy.ExtrinsicReward.mean": {
            "value": 31.63433310886224,
            "min": -7.936499113216996,
            "max": 39.83433279891809,
            "count": 500
        },
        "ZombAI.Policy.ExtrinsicReward.sum": {
            "value": 474.5149966329336,
            "min": -63.49199290573597,
            "max": 597.5149919837713,
            "count": 500
        },
        "ZombAI.IsTraining.mean": {
            "value": 1.0,
            "min": 1.0,
            "max": 1.0,
            "count": 500
        },
        "ZombAI.IsTraining.sum": {
            "value": 1.0,
            "min": 1.0,
            "max": 1.0,
            "count": 500
        },
        "ZombAI.Losses.PolicyLoss.mean": {
            "value": 0.015507666231133043,
            "min": 0.010579205366472404,
            "max": 0.0238901742734015,
            "count": 240
        },
        "ZombAI.Losses.PolicyLoss.sum": {
            "value": 0.015507666231133043,
            "min": 0.010579205366472404,
            "max": 0.0238901742734015,
            "count": 240
        },
        "ZombAI.Losses.ValueLoss.mean": {
            "value": 0.0701095720132192,
            "min": 0.03295657063523928,
            "max": 0.22657877343396346,
            "count": 240
        },
        "ZombAI.Losses.ValueLoss.sum": {
            "value": 0.0701095720132192,
            "min": 0.03295657063523928,
            "max": 0.22657877343396346,
            "count": 240
        },
        "ZombAI.Policy.LearningRate.mean": {
            "value": 1.6640998335999992e-06,
            "min": 1.6640998335999992e-06,
            "max": 0.00099587840041216,
            "count": 240
        },
        "ZombAI.Policy.LearningRate.sum": {
            "value": 1.6640998335999992e-06,
            "min": 1.6640998335999992e-06,
            "max": 0.00099587840041216,
            "count": 240
        },
        "ZombAI.Policy.Epsilon.mean": {
            "value": 0.1001664,
            "min": 0.1001664,
            "max": 0.1995878400000001,
            "count": 240
        },
        "ZombAI.Policy.Epsilon.sum": {
            "value": 0.1001664,
            "min": 0.1001664,
            "max": 0.1995878400000001,
            "count": 240
        },
        "ZombAI.Policy.Beta.mean": {
            "value": 1.8303359999999992e-05,
            "min": 1.8303359999999992e-05,
            "max": 0.004979433216,
            "count": 240
        },
        "ZombAI.Policy.Beta.sum": {
            "value": 1.8303359999999992e-05,
            "min": 1.8303359999999992e-05,
            "max": 0.004979433216,
            "count": 240
        }
    },
    "metadata": {
        "timer_format_version": "0.1.0",
        "start_time_seconds": "1684843717",
        "python_version": "3.8.16 (default, Jan 17 2023, 22:25:28) [MSC v.1916 64 bit (AMD64)]",
        "command_line_arguments": "C:\\ProgramData\\Anaconda3\\envs\\ML-Agents-2.0\\Scripts\\mlagents-learn ./trainer_config.yaml --initialize-from=zm_15 --run-id=zm_29 --torch-device cuda",
        "mlagents_version": "0.30.0",
        "mlagents_envs_version": "0.30.0",
        "communication_protocol_version": "1.5.0",
        "pytorch_version": "2.0.0",
        "numpy_version": "1.21.2",
        "end_time_seconds": "1684851103"
    },
    "total": 7386.3485921,
    "count": 1,
    "self": 0.01990289999957895,
    "children": {
        "run_training.setup": {
            "total": 0.09381420000000062,
            "count": 1,
            "self": 0.09381420000000062
        },
        "TrainerController.start_learning": {
            "total": 7386.234875,
            "count": 1,
            "self": 12.976715699878696,
            "children": {
                "TrainerController._reset_env": {
                    "total": 15.7182543,
                    "count": 1,
                    "self": 15.7182543
                },
                "TrainerController.advance": {
                    "total": 7357.432073100122,
                    "count": 625065,
                    "self": 6.577205499953379,
                    "children": {
                        "env_step": {
                            "total": 7350.854867600168,
                            "count": 625065,
                            "self": 4192.602274400357,
                            "children": {
                                "SubprocessEnvManager._take_step": {
                                    "total": 3151.339722599674,
                                    "count": 625065,
                                    "self": 33.77974020009606,
                                    "children": {
                                        "TorchPolicy.evaluate": {
                                            "total": 3117.559982399578,
                                            "count": 625065,
                                            "self": 3117.559982399578
                                        }
                                    }
                                },
                                "workers": {
                                    "total": 6.912870600136877,
                                    "count": 625065,
                                    "self": 0.0,
                                    "children": {
                                        "worker_root": {
                                            "total": 7357.2616086999,
                                            "count": 625065,
                                            "is_parallel": true,
                                            "self": 3901.6108160000817,
                                            "children": {
                                                "steps_from_proto": {
                                                    "total": 0.0020884999999992715,
                                                    "count": 1,
                                                    "is_parallel": true,
                                                    "self": 0.00016670000000118534,