{
    "name": "root",
    "gauges": {
        "ZombAI.Policy.Entropy.mean": {
            "value": 0.992742121219635,
            "min": 0.992742121219635,
            "max": 1.2712210416793823,
            "count": 500
        },
        "ZombAI.Policy.Entropy.sum": {
            "value": 9792.408203125,
            "min": 9550.005859375,
            "max": 12803.73828125,
            "count": 500
        },
        "ZombAI.Step.mean": {
            "value": 4999992.0,
            "min": 9984.0,
            "max": 4999992.0,
            "count": 500
        },
        "ZombAI.Step.sum": {
            "value": 4999992.0,
            "min": 9984.0,
            "max": 4999992.0,
            "count": 500
        },
        "ZombAI.Policy.ExtrinsicValueEstimate.mean": {
            "value": 0.6817005276679993,
            "min": -0.3530034124851227,
            "max": 1.2066479921340942,
            "count": 500
        },
        "ZombAI.Policy.ExtrinsicValueEstimate.sum": {
            "value": 220.8709716796875,
            "min": -112.60808563232422,
            "max": 384.92071533203125,
            "count": 500
        },
        "ZombAI.Environment.EpisodeLength.mean": {
            "value": 999.0,
            "min": 999.0,
            "max": 999.0,
            "count": 500
        },
        "ZombAI.Environment.EpisodeLength.sum": {
            "value": 15984.0,
            "min": 7992.0,
            "max": 15984.0,
            "count": 500
        },
        "ZombAI.Environment.CumulativeReward.mean": {
            "value": 46.97666371961434,
            "min": -71.74587692506611,
            "max": 111.12974458001554,
            "count": 500
        },
        "ZombAI.Environment.CumulativeReward.sum": {
            "value": 704.6499557942152,
            "min": -573.9670154005289,
            "max": 1544.5749332234263,
            "count": 500
        },
        "ZombAI.Policy.ExtrinsicReward.mean": {
            "value": 46.97666371961434,
            "min": -71.74587692506611,
            "max": 111.12974458001554,
            "count": 500
        },
        "ZombAI.Policy.ExtrinsicReward.sum": {
            "value": 704.6499557942152,
            "min": -573.9670154005289,
            "max": 1544.5749332234263,
            "count": 500
        },
        "ZombAI.IsTraining.mean": {
            "value": 1.0,
            "min": 1.0,
            "max": 1.0,
            "count": 500
        },
        "ZombAI.IsTraining.sum": {
            "value": 1.0,
            "min": 1.0,
            "max": 1.0,
            "count": 500
        },
        "ZombAI.Losses.PolicyLoss.mean": {
            "value": 0.014264688710682094,
            "min": 0.010187512962147593,
            "max": 0.0236064028305312,
            "count": 242
        },
        "ZombAI.Losses.PolicyLoss.sum": {
            "value": 0.014264688710682094,
            "min": 0.010187512962147593,
            "max": 0.0236064028305312,
            "count": 242
        },
        "ZombAI.Losses.ValueLoss.mean": {
            "value": 1.0307595233122508,
            "min": 0.4923577437798182,
            "max": 2.4329747358957925,
            "count": 242
        },
        "ZombAI.Losses.ValueLoss.sum": {
            "value": 1.0307595233122508,
            "min": 0.4923577437798182,
            "max": 2.4329747358957925,
            "count": 242
        },
        "ZombAI.Policy.LearningRate.mean": {
            "value": 7.808999219200261e-07,
            "min": 7.808999219200261e-07,
            "max": 0.00099587840041216,
            "count": 242
        },
        "ZombAI.Policy.LearningRate.sum": {
            "value": 7.808999219200261e-07,
            "min": 7.808999219200261e-07,
            "max": 0.00099587840041216,
            "count": 242
        },
        "ZombAI.Policy.Epsilon.mean": {
            "value": 0.10007807999999999,
            "min": 0.10007807999999999,
            "max": 0.1995878400000001,
            "count": 242
        },
        "ZombAI.Policy.Epsilon.sum": {
            "value": 0.10007807999999999,
            "min": 0.10007807999999999,
            "max": 0.1995878400000001,
            "count": 242
        },
        "ZombAI.Policy.Beta.mean": {
            "value": 1.3896192000000126e-05,
            "min": 1.3896192000000126e-05,
            "max": 0.004979433216,
            "count": 242
        },
        "ZombAI.Policy.Beta.sum": {
            "value": 1.3896192000000126e-05,
            "min": 1.3896192000000126e-05,
            "max": 0.004979433216,
            "count": 242
        }
    },
    "metadata": {
        "timer_format_version": "0.1.0",
        "start_time_seconds": "1685104175",
        "python_version": "3.8.16 (default, Jan 17 2023, 22:25:28) [MSC v.1916 64 bit (AMD64)]",
        "command_line_arguments": "C:\\ProgramData\\Anaconda3\\envs\\ML-Agents-2.0\\Scripts\\mlagents-learn ./trainer_config.yaml --initialize-from=zm_15 --run-id=zm_37 --torch-device cuda",
        "mlagents_version": "0.30.0",
        "mlagents_envs_version": "0.30.0",
        "communication_protocol_version": "1.5.0",
        "pytorch_version": "2.0.0",
        "numpy_version": "1.21.2",
        "end_time_seconds": "1685111650"
    },
    "total": 7475.2141113,
    "count": 1,
    "self": 0.018400700000711367,
    "children": {
        "run_training.setup": {
            "total": 0.09192450000000019,
            "count": 1,
            "self": 0.09192450000000019
        },
        "TrainerController.start_learning": {
            "total": 7475.1037860999995,
            "count": 1,
            "self": 13.826960500271525,
            "children": {
                "TrainerController._reset_env": {
                    "total": 14.951935299999999,
                    "count": 1,
                    "self": 14.951935299999999
                },
                "TrainerController.advance": {
                    "total": 7446.249876899729,
                    "count": 625034,
                    "self": 6.166554499479389,
                    "children": {
                        "env_step": {
                            "total": 7440.08332240025,
                            "count": 625034,
                            "self": 4493.490773300642,
                            "children": {
                                "SubprocessEnvManager._take_step": {
                                    "total": 2939.703454299842,
                                    "count": 625034,
                                    "self": 29.91894999976239,
                                    "children": {
                                        "TorchPolicy.evaluate": {
                                            "total": 2909.78450430008,
                                            "count": 625034,
                                            "self": 2909.78450430008
                                        }
                                    }
                                },
                                "workers": {
                                    "total": 6.889094799765971,
                                    "count": 625034,
                                    "self": 0.0,
                                    "children": {
                                        "worker_root": {
                                            "total": 7446.216773799961,
                                            "count": 625034,
                                            "is_parallel": true,
                                            "self": 3641.252191999786,
                                            "children": {
                                                "steps_from_proto": {
                                                    "total": 0.0004773000000000138,
                                                    "count": 1,
                                                    "is_parallel": true,
                                                    "self": 0.00019120000000150128,