{"count":1,"self":1970.4506368,"total":6312.2191385,"children":{"InitializeActuators":{"count":8,"self":0.0020001,"total":0.0020001,"children":null},"InitializeSensors":{"count":8,"self":0.0019993999999999997,"total":0.0019993999999999997,"children":null},"AgentSendState":{"count":3125651,"self":91.906572799999992,"total":167.6583258,"children":{"CollectObservations":{"count":5001048,"self":16.6808448,"total":16.680844399999998,"children":null},"WriteActionMask":{"count":5001048,"self":2.1049972,"total":2.1049973,"children":null},"RequestDecision":{"count":5001048,"self":8.9282551999999988,"total":56.9659123,"children":{"AgentInfo.ToProto":{"count":5001048,"self":7.7052191999999993,"total":48.0376572,"children":{"GenerateSensorData":{"count":5001048,"self":31.761302399999998,"total":40.3324384,"children":{"RayPerceptionSensor.Perceive":{"count":10002096,"self":8.571136,"total":8.5711362,"children":null}}}}}}}}},"DecideAction":{"count":3125651,"self":4128.8261631999994,"total":4128.8261173,"children":null},"AgentAct":{"count":3125651,"self":45.2078432,"total":45.278085399999995,"children":{"AgentInfo.ToProto":{"count":5000,"self":0.0146393,"total":0.0702412,"children":{"GenerateSensorData":{"count":5000,"self":0.0449981,"total":0.055601899999999996,"children":{"RayPerceptionSensor.Perceive":{"count":10000,"self":0.0106038,"total":0.0106038,"children":null}}}}}}}},"gauges":{"ZombAI.CumulativeReward":{"count":5000,"max":74.2949448,"min":-75.59809,"runningAverage":1.42215753,"value":24.05624,"weightedAverage":5.11029148}},"metadata":{"timer_format_version":"0.1.0","start_time_seconds":"1683897733","unity_version":"2022.1.7f1","command_line_arguments":"C:\\Program Files\\Unity\\Hub\\Editor\\2022.1.7f1\\Editor\\Unity.exe -projectpath C:\\Users\\PKPL205-010admin\\Desktop\\CT7121-Machine-Learning-and-Data-Analytics -useHub -hubIPC -cloudEnvironment production -licensingIpc LicenseClient-PKPL205-010admin -hubSessionId 4889ef30-f0a6-11ed-8738-2f11940ba8e0 -accessToken RcEgDLL06xONuuU13lR0SsLrF1ztGW2UAupqMzkamuw012f","communication_protocol_version":"1.5.0","com.unity.ml-agents_version":"2.0.1","scene_name":"TrainingScene","end_time_seconds":"1683904045"}}