{"count":1,"self":1032.339456,"total":3456.4781144999997,"children":{"InitializeActuators":{"count":8,"self":0.00099319999999999986,"total":0.00099319999999999986,"children":null},"InitializeSensors":{"count":8,"self":0.0019993999999999997,"total":0.0019993999999999997,"children":null},"AgentSendState":{"count":1764517,"self":81.2991232,"total":123.10782529999999,"children":{"CollectObservations":{"count":2823232,"self":9.0623408,"total":9.0623405999999989,"children":null},"WriteActionMask":{"count":2823232,"self":1.1757236,"total":1.1757236,"children":null},"RequestDecision":{"count":2823232,"self":5.1535351999999994,"total":31.5706408,"children":{"AgentInfo.ToProto":{"count":2823232,"self":4.4016084,"total":26.4171057,"children":{"GenerateSensorData":{"count":2823232,"self":17.3901984,"total":22.015497399999997,"children":{"RayPerceptionSensor.Perceive":{"count":5646464,"self":4.6252992,"total":4.625299,"children":null}}}}}}}}},"DecideAction":{"count":1764517,"self":2276.7071232,"total":2276.7072171,"children":null},"AgentAct":{"count":1764517,"self":24.293617599999997,"total":24.3196054,"children":{"AgentInfo.ToProto":{"count":2816,"self":0.0029998,"total":0.025987899999999998,"children":{"GenerateSensorData":{"count":2816,"self":0.0199892,"total":0.022988099999999997,"children":{"RayPerceptionSensor.Perceive":{"count":5632,"self":0.0029988999999999997,"total":0.0029988999999999997,"children":null}}}}}}}},"gauges":{"ZombAI.CumulativeReward":{"count":2816,"max":39.5,"min":-23,"runningAverage":1.36523664,"value":23.5,"weightedAverage":7.56201124}},"metadata":{"timer_format_version":"0.1.0","start_time_seconds":"1684242495","unity_version":"2022.1.7f1","command_line_arguments":"C:\\Program Files\\Unity\\Hub\\Editor\\2022.1.7f1\\Editor\\Unity.exe -projectpath C:\\Users\\PKPL205-010admin\\Desktop\\CT7121-Machine-Learning-and-Data-Analytics -useHub -hubIPC -cloudEnvironment production -licensingIpc LicenseClient-PKPL205-010admin -hubSessionId c95af910-f3c6-11ed-8ded-69156e532fe9 -accessToken OC_OqtDA21K6XLeIyuE44HjvQ9t3156A907CeG6gBCo012f","communication_protocol_version":"1.5.0","com.unity.ml-agents_version":"2.0.1","scene_name":"TrainingScene","end_time_seconds":"1684245952"}}