{"count":1,"self":1998.2739456,"total":6843.6966962999995,"children":{"InitializeActuators":{"count":8,"self":0.0010002,"total":0.0010002,"children":null},"InitializeSensors":{"count":8,"self":0.0020009999999999997,"total":0.0020009999999999997,"children":null},"AgentSendState":{"count":3126301,"self":139.5645568,"total":217.48191119999998,"children":{"CollectObservations":{"count":5002088,"self":17.1563296,"total":17.1563297,"children":null},"WriteActionMask":{"count":5002088,"self":1.9853695999999998,"total":1.9853697,"children":null},"RequestDecision":{"count":5002088,"self":9.3118704,"total":58.7756573,"children":{"AgentInfo.ToProto":{"count":5002088,"self":8.0510152,"total":49.4637866,"children":{"GenerateSensorData":{"count":5002088,"self":32.791824,"total":41.4127714,"children":{"RayPerceptionSensor.Perceive":{"count":10004176,"self":8.6209472,"total":8.6209475,"children":null}}}}}}}}},"DecideAction":{"count":3126301,"self":4578.4113152,"total":4578.4113245,"children":null},"AgentAct":{"count":3126301,"self":49.459792,"total":49.5255017,"children":{"AgentInfo.ToProto":{"count":5000,"self":0.0080022,"total":0.065710999999999992,"children":{"GenerateSensorData":{"count":5000,"self":0.042575499999999995,"total":0.0577088,"children":{"RayPerceptionSensor.Perceive":{"count":10000,"self":0.015133299999999999,"total":0.015133299999999999,"children":null}}}}}}}},"gauges":{"ZombAI.CumulativeReward":{"count":5000,"max":1.49997818,"min":-13.5000229,"runningAverage":-1.35619283,"value":-0.499998868,"weightedAverage":-0.9920431}},"metadata":{"timer_format_version":"0.1.0","start_time_seconds":"1684498228","unity_version":"2022.1.7f1","command_line_arguments":"C:\\Program Files\\Unity\\Hub\\Editor\\2022.1.7f1\\Editor\\Unity.exe -projectpath C:\\Users\\PKPL205-010admin\\Desktop\\CT7121-Machine-Learning-and-Data-Analytics -useHub -hubIPC -cloudEnvironment production -licensingIpc LicenseClient-PKPL205-010admin -hubSessionId 9a3d87e0-f625-11ed-9718-614a7e92d1a3 -accessToken Q_eK35sX5z8V68J5w28T0jNruUghdtONTj8Y0Ephmuc012f","communication_protocol_version":"1.5.0","com.unity.ml-agents_version":"2.0.1","scene_name":"TrainingScene","end_time_seconds":"1684505071"}}