{"count":1,"self":1535.0052864,"total":5793.1228863,"children":{"InitializeActuators":{"count":8,"self":0.0010343,"total":0.0010343,"children":null},"InitializeSensors":{"count":8,"self":0.0010444999999999999,"total":0.0010444999999999999,"children":null},"AgentSendState":{"count":2603601,"self":115.37823999999999,"total":179.4022834,"children":{"CollectObservations":{"count":4165768,"self":14.3669792,"total":14.3669795,"children":null},"WriteActionMask":{"count":4165768,"self":1.6582002999999998,"total":1.6582002999999998,"children":null},"RequestDecision":{"count":4165768,"self":7.7274072,"total":47.9988654,"children":{"AgentInfo.ToProto":{"count":4165768,"self":6.327634,"total":40.2714581,"children":{"GenerateSensorData":{"count":4165768,"self":26.8181872,"total":33.9438242,"children":{"RayPerceptionSensor.Perceive":{"count":8331536,"self":7.1256368,"total":7.1256371,"children":null}}}}}}}}},"DecideAction":{"count":2603601,"self":4041.580544,"total":4041.5804716999996,"children":null},"AgentAct":{"count":2603601,"self":37.0977088,"total":37.1317877,"children":{"AgentInfo.ToProto":{"count":4160,"self":0.0040132,"total":0.0340791,"children":{"GenerateSensorData":{"count":4160,"self":0.0185479,"total":0.0300659,"children":{"RayPerceptionSensor.Perceive":{"count":8320,"self":0.011517999999999999,"total":0.011517999999999999,"children":null}}}}}}}},"gauges":{"ZombAI.CumulativeReward":{"count":4160,"max":366.3429,"min":-29.8503723,"runningAverage":24.4970322,"value":23.1281281,"weightedAverage":30.97702}},"metadata":{"timer_format_version":"0.1.0","start_time_seconds":"1685016409","unity_version":"2022.1.7f1","command_line_arguments":"C:\\Program Files\\Unity\\Hub\\Editor\\2022.1.7f1\\Editor\\Unity.exe -projectpath C:\\Users\\PKPL205-010admin\\Desktop\\CT7121-Machine-Learning-and-Data-Analytics -useHub -hubIPC -cloudEnvironment production -licensingIpc LicenseClient-PKPL205-010admin -hubSessionId 992a54e0-fae0-11ed-ba13-49f9ad0b0bfb -accessToken Dqp262k1DQWRwJcDbqnRb0wryBPMbreZG7OyYxBgQSI012f","communication_protocol_version":"1.5.0","com.unity.ml-agents_version":"2.0.1","scene_name":"TrainingScene","end_time_seconds":"1685022202"}}