{"count":1,"self":2094.7427328,"total":7373.2233507,"children":{"InitializeActuators":{"count":8,"self":0.0010068,"total":0.0010068,"children":null},"InitializeSensors":{"count":8,"self":0.0020322,"total":0.0020322,"children":null},"AgentSendState":{"count":3125334,"self":146.572352,"total":224.73858249999998,"children":{"CollectObservations":{"count":5000536,"self":16.297281599999998,"total":16.2972818,"children":null},"WriteActionMask":{"count":5000536,"self":2.1219243999999997,"total":2.1219243999999997,"children":null},"RequestDecision":{"count":5000536,"self":9.749444,"total":59.747029,"children":{"AgentInfo.ToProto":{"count":5000536,"self":7.8303864,"total":49.997585,"children":{"GenerateSensorData":{"count":5000536,"self":33.3621824,"total":42.1671986,"children":{"RayPerceptionSensor.Perceive":{"count":10001072,"self":8.8050152,"total":8.8050149,"children":null}}}}}}}}},"DecideAction":{"count":3125334,"self":5005.9505664,"total":5005.9504272999993,"children":null},"AgentAct":{"count":3125334,"self":47.736064,"total":47.7876675,"children":{"AgentInfo.ToProto":{"count":5000,"self":0.0060005,"total":0.0516036,"children":{"GenerateSensorData":{"count":5000,"self":0.037603199999999996,"total":0.0456031,"children":{"RayPerceptionSensor.Perceive":{"count":10000,"self":0.007999899999999999,"total":0.007999899999999999,"children":null}}}}}}}},"gauges":{"ZombAI.CumulativeReward":{"count":5000,"max":86.00304,"min":-40.498,"runningAverage":14.7008638,"value":-24.4979057,"weightedAverage":16.7089138}},"metadata":{"timer_format_version":"0.1.0","start_time_seconds":"1684843730","unity_version":"2022.1.7f1","command_line_arguments":"C:\\Program Files\\Unity\\Hub\\Editor\\2022.1.7f1\\Editor\\Unity.exe -projectpath C:\\Users\\PKPL205-010admin\\Desktop\\CT7121-Machine-Learning-and-Data-Analytics -useHub -hubIPC -cloudEnvironment production -licensingIpc LicenseClient-PKPL205-010admin -hubSessionId 4baad690-f95f-11ed-9e0b-6325441d7d48 -accessToken ZrXS1tvI3tnlLvi9S6JbxYBGNR_B5PZBBaGVBF9Y9kI012f","communication_protocol_version":"1.5.0","com.unity.ml-agents_version":"2.0.1","scene_name":"TrainingScene","end_time_seconds":"1684851103"}}