{"count":1,"self":2137.1461632,"total":7494.2883890999992,"children":{"InitializeActuators":{"count":8,"self":0.00055019999999999993,"total":0.00055019999999999993,"children":null},"InitializeSensors":{"count":8,"self":0.0019977,"total":0.0019977,"children":null},"AgentSendState":{"count":3125338,"self":145.6934144,"total":222.8988268,"children":{"CollectObservations":{"count":5000544,"self":16.822971199999998,"total":16.822970899999998,"children":null},"WriteActionMask":{"count":5000544,"self":2.211798,"total":2.211798,"children":null},"RequestDecision":{"count":5000544,"self":9.1186911999999989,"total":58.1706392,"children":{"AgentInfo.ToProto":{"count":5000544,"self":7.7711999999999994,"total":49.0519483,"children":{"GenerateSensorData":{"count":5000544,"self":32.7198528,"total":41.2807482,"children":{"RayPerceptionSensor.Perceive":{"count":10001088,"self":8.560896,"total":8.5608957999999991,"children":null}}}}}}}}},"DecideAction":{"count":3125338,"self":5084.9665024,"total":5084.9664502999995,"children":null},"AgentAct":{"count":3125338,"self":49.222780799999995,"total":49.274418,"children":{"AgentInfo.ToProto":{"count":5000,"self":0.0040741,"total":0.0516384,"children":{"GenerateSensorData":{"count":5000,"self":0.0345665,"total":0.0475643,"children":{"RayPerceptionSensor.Perceive":{"count":10000,"self":0.012997799999999999,"total":0.012997799999999999,"children":null}}}}}}}},"gauges":{"ZombAI.CumulativeReward":{"count":5000,"max":58.5038,"min":-57.996357,"runningAverage":1.785478,"value":-25.498724,"weightedAverage":5.001476}},"metadata":{"timer_format_version":"0.1.0","start_time_seconds":"1684925641","unity_version":"2022.1.7f1","command_line_arguments":"C:\\Program Files\\Unity\\Hub\\Editor\\2022.1.7f1\\Editor\\Unity.exe -projectpath C:\\Users\\PKPL205-010admin\\Desktop\\CT7121-Machine-Learning-and-Data-Analytics -useHub -hubIPC -cloudEnvironment production -licensingIpc LicenseClient-PKPL205-010admin -hubSessionId 9ada88e0-fa0f-11ed-8789-e56f1de29650 -accessToken emm_AaCp0mByJr074gRqWdJsupsPyFnk7dKc88FKiOo012f","communication_protocol_version":"1.5.0","com.unity.ml-agents_version":"2.0.1","scene_name":"TrainingScene","end_time_seconds":"1684933135"}}