{
    "name": "root",
    "gauges": {
        "ZombAI.Policy.Entropy.mean": {
            "value": 1.2102998495101929,
            "min": 1.2098616361618042,
            "max": 1.5374852418899536,
            "count": 500
        },
        "ZombAI.Policy.Entropy.sum": {
            "value": 11928.7158203125,
            "min": 11914.892578125,
            "max": 15490.53125,
            "count": 500
        },
        "ZombAI.Step.mean": {
            "value": 4999896.0,
            "min": 9920.0,
            "max": 4999896.0,
            "count": 500
        },
        "ZombAI.Step.sum": {
            "value": 4999896.0,
            "min": 9920.0,
            "max": 4999896.0,
            "count": 500
        },
        "ZombAI.Policy.ExtrinsicValueEstimate.mean": {
            "value": 0.004075516946613789,
            "min": -0.11303769797086716,
            "max": 0.26979249715805054,
            "count": 500
        },
        "ZombAI.Policy.ExtrinsicValueEstimate.sum": {
            "value": 0.330116868019104,
            "min": -8.929978370666504,
            "max": 21.583398818969727,
            "count": 500
        },
        "ZombAI.Environment.EpisodeLength.mean": {
            "value": 999.0,
            "min": 999.0,
            "max": 999.0,
            "count": 500
        },
        "ZombAI.Environment.EpisodeLength.sum": {
            "value": 15984.0,
            "min": 7992.0,
            "max": 15984.0,
            "count": 500
        },
        "ZombAI.Environment.CumulativeReward.mean": {
            "value": -10.273333936929703,
            "min": -17.13812593370676,
            "max": 24.148124866187572,
            "count": 500
        },
        "ZombAI.Environment.CumulativeReward.sum": {
            "value": -154.10000905394554,
            "min": -200.15500950813293,
            "max": 334.3049927651882,
            "count": 500
        },
        "ZombAI.Policy.ExtrinsicReward.mean": {
            "value": -10.273333936929703,
            "min": -17.13812593370676,
            "max": 24.148124866187572,
            "count": 500
        },
        "ZombAI.Policy.ExtrinsicReward.sum": {
            "value": -154.10000905394554,
            "min": -200.15500950813293,
            "max": 334.3049927651882,
            "count": 500
        },
        "ZombAI.IsTraining.mean": {
            "value": 1.0,
            "min": 1.0,
            "max": 1.0,
            "count": 500
        },
        "ZombAI.IsTraining.sum": {
            "value": 1.0,
            "min": 1.0,
            "max": 1.0,
            "count": 500
        },
        "ZombAI.Losses.PolicyLoss.mean": {
            "value": 0.01929142277998229,
            "min": 0.010682689592552681,
            "max": 0.02534941239282489,
            "count": 238
        },
        "ZombAI.Losses.PolicyLoss.sum": {
            "value": 0.01929142277998229,
            "min": 0.010682689592552681,
            "max": 0.02534941239282489,
            "count": 238
        },
        "ZombAI.Losses.ValueLoss.mean": {
            "value": 0.06823510900139809,
            "min": 0.044063895319898926,
            "max": 0.10698585857947668,
            "count": 238
        },
        "ZombAI.Losses.ValueLoss.sum": {
            "value": 0.06823510900139809,
            "min": 0.044063895319898926,
            "max": 0.10698585857947668,
            "count": 238
        },
        "ZombAI.Policy.LearningRate.mean": {
            "value": 3.7129996288001585e-07,
            "min": 3.7129996288001585e-07,
            "max": 0.0009957760004223996,
            "count": 238
        },
        "ZombAI.Policy.LearningRate.sum": {
            "value": 3.7129996288001585e-07,
            "min": 3.7129996288001585e-07,
            "max": 0.0009957760004223996,
            "count": 238
        },
        "ZombAI.Policy.Epsilon.mean": {
            "value": 0.10003712000000003,
            "min": 0.10003712000000003,
            "max": 0.19957759999999994,
            "count": 238
        },
        "ZombAI.Policy.Epsilon.sum": {
            "value": 0.10003712000000003,
            "min": 0.10003712000000003,
            "max": 0.19957759999999994,
            "count": 238
        },
        "ZombAI.Policy.Beta.mean": {
            "value": 1.1852288000000078e-05,
            "min": 1.1852288000000078e-05,
            "max": 0.004978922239999999,
            "count": 238
        },
        "ZombAI.Policy.Beta.sum": {
            "value": 1.1852288000000078e-05,
            "min": 1.1852288000000078e-05,
            "max": 0.004978922239999999,
            "count": 238
        }
    },
    "metadata": {
        "timer_format_version": "0.1.0",
        "start_time_seconds": "1683897726",
        "python_version": "3.8.16 (default, Jan 17 2023, 22:25:28) [MSC v.1916 64 bit (AMD64)]",
        "command_line_arguments": "C:\\ProgramData\\Anaconda3\\envs\\ML-Agents-2.0\\Scripts\\mlagents-learn ./trainer_config.yaml --initialize-from=zm_10 --run-id=zm_11 --torch-device cuda",
        "mlagents_version": "0.30.0",
        "mlagents_envs_version": "0.30.0",
        "communication_protocol_version": "1.5.0",
        "pytorch_version": "2.0.0",
        "numpy_version": "1.21.2",
        "end_time_seconds": "1683904045"
    },
    "total": 6319.8009885,
    "count": 1,
    "self": 0.013568899999881978,
    "children": {
        "run_training.setup": {
            "total": 0.09406880000000006,
            "count": 1,
            "self": 0.09406880000000006
        },
        "TrainerController.start_learning": {
            "total": 6319.6933508,
            "count": 1,
            "self": 13.577269599978536,
            "children": {
                "TrainerController._reset_env": {
                    "total": 9.5699389,
                    "count": 1,
                    "self": 9.5699389
                },
                "TrainerController.advance": {
                    "total": 6296.472363600022,
                    "count": 625130,
                    "self": 5.96139600002607,
                    "children": {
                        "env_step": {
                            "total": 6290.510967599996,
                            "count": 625130,
                            "self": 3877.051840800342,
                            "children": {
                                "SubprocessEnvManager._take_step": {
                                    "total": 2406.9268376997693,
                                    "count": 625130,
                                    "self": 28.747020499690734,
                                    "children": {
                                        "TorchPolicy.evaluate": {
                                            "total": 2378.1798172000786,
                                            "count": 625130,
                                            "self": 2378.1798172000786
                                        }
                                    }
                                },
                                "workers": {
                                    "total": 6.532289099884551,
                                    "count": 625130,
                                    "self": 0.0,
                                    "children": {
                                        "worker_root": {
                                            "total": 6296.68554079985,
                                            "count": 625130,
                                            "is_parallel": true,
                                            "self": 3082.35025009991,
                                            "children": {
                                                "steps_from_proto": {
                                                    "total": 0.00047489999999861254,
                                                    "count": 1,
                                                    "is_parallel": true,