{
    "name": "root",
    "metadata": {
        "timer_format_version": "0.1.0",
        "start_time_seconds": "1683897647",
        "python_version": "3.8.16 (default, Jan 17 2023, 22:25:28) [MSC v.1916 64 bit (AMD64)]",
        "command_line_arguments": "C:\\ProgramData\\Anaconda3\\envs\\ML-Agents-2.0\\Scripts\\mlagents-learn ./trainer_config.yaml --run-id=zm_10 --resume",
        "mlagents_version": "0.30.0",
        "mlagents_envs_version": "0.30.0",
        "communication_protocol_version": "1.5.0",
        "pytorch_version": "2.0.0",
        "numpy_version": "1.21.2",
        "end_time_seconds": "1683897661"
    },
    "total": 14.440570600000001,
    "count": 1,
    "self": 0.009845200000000887,
    "children": {
        "run_training.setup": {
            "total": 0.11020879999999966,
            "count": 1,
            "self": 0.11020879999999966
        },
        "TrainerController.start_learning": {
            "total": 14.3205166,
            "count": 1,
            "self": 0.0012808000000017472,
            "children": {
                "TrainerController._reset_env": {
                    "total": 13.7461716,
                    "count": 1,
                    "self": 13.7461716
                },
                "trainer_threads": {
                    "total": 1.0399999997190434e-05,
                    "count": 1,
                    "self": 1.0399999997190434e-05,
                    "children": {
                        "thread_root": {
                            "total": 0.0,
                            "count": 0,
                            "is_parallel": true,
                            "self": 0.0,
                            "children": {
                                "trainer_advance": {
                                    "total": 0.0012674999999973124,
                                    "count": 1,
                                    "is_parallel": true,
                                    "self": 1.4999999997655777e-05,
                                    "children": {
                                        "process_trajectory": {
                                            "total": 0.0012524999999996567,
                                            "count": 1,
                                            "is_parallel": true,
                                            "self": 0.0012524999999996567
                                        }
                                    }
                                }
                            }
                        }
                    }
                },
                "TrainerController._save_models": {
                    "total": 0.5730538000000003,
                    "count": 1,
                    "self": 0.012370399999998227,
                    "children": {
                        "RLTrainer._checkpoint": {
                            "total": 0.560683400000002,
                            "count": 1,
                            "self": 0.560683400000002
                        }
                    }
                }
            }
        }
    }
}