{
    "name": "root",
    "gauges": {
        "ZombAI.Policy.Entropy.mean": {
            "value": 1.2349814176559448,
            "min": 1.2140268087387085,
            "max": 1.4189382791519165,
            "count": 562
        },
        "ZombAI.Policy.Entropy.sum": {
            "value": 12399.212890625,
            "min": 11965.9482421875,
            "max": 14291.546875,
            "count": 562
        },
        "ZombAI.Step.mean": {
            "value": 5619968.0,
            "min": 9920.0,
            "max": 5619968.0,
            "count": 562
        },
        "ZombAI.Step.sum": {
            "value": 5619968.0,
            "min": 9920.0,
            "max": 5619968.0,
            "count": 562
        },
        "ZombAI.Policy.ExtrinsicValueEstimate.mean": {
            "value": 0.0007254193187691271,
            "min": -0.14161351323127747,
            "max": 0.013567808084189892,
            "count": 562
        },
        "ZombAI.Policy.ExtrinsicValueEstimate.sum": {
            "value": 0.058033544570207596,
            "min": -11.329080581665039,
            "max": 1.0854246616363525,
            "count": 562
        },
        "ZombAI.Environment.EpisodeLength.mean": {
            "value": 999.0,
            "min": 999.0,
            "max": 999.0,
            "count": 562
        },
        "ZombAI.Environment.EpisodeLength.sum": {
            "value": 7992.0,
            "min": 7992.0,
            "max": 15984.0,
            "count": 562
        },
        "ZombAI.Environment.CumulativeReward.mean": {
            "value": 0.0,
            "min": -1.8125000512227416,
            "max": 0.125,
            "count": 562
        },
        "ZombAI.Environment.CumulativeReward.sum": {
            "value": 0.0,
            "min": -14.500000409781933,
            "max": 1.0,
            "count": 562
        },
        "ZombAI.Policy.ExtrinsicReward.mean": {
            "value": 0.0,
            "min": -1.8125000512227416,
            "max": 0.125,
            "count": 562
        },
        "ZombAI.Policy.ExtrinsicReward.sum": {
            "value": 0.0,
            "min": -14.500000409781933,
            "max": 1.0,
            "count": 562
        },
        "ZombAI.IsTraining.mean": {
            "value": 1.0,
            "min": 1.0,
            "max": 1.0,
            "count": 562
        },
        "ZombAI.IsTraining.sum": {
            "value": 1.0,
            "min": 1.0,
            "max": 1.0,
            "count": 562
        },
        "ZombAI.Losses.PolicyLoss.mean": {
            "value": 0.01324755180006226,
            "min": 0.010478380865727862,
            "max": 0.02279921343239645,
            "count": 267
        },
        "ZombAI.Losses.PolicyLoss.sum": {
            "value": 0.01324755180006226,
            "min": 0.010478380865727862,
            "max": 0.02279921343239645,
            "count": 267
        },
        "ZombAI.Losses.ValueLoss.mean": {
            "value": 4.9473519296346544e-05,
            "min": 1.2679047131314292e-06,
            "max": 0.017966699282017846,
            "count": 267
        },
        "ZombAI.Losses.ValueLoss.sum": {
            "value": 4.9473519296346544e-05,
            "min": 1.2679047131314292e-06,
            "max": 0.017966699282017846,
            "count": 267
        },
        "ZombAI.Policy.LearningRate.mean": {
            "value": 0.0008878566512143357,
            "min": 0.0008878566512143357,
            "max": 0.00099957760004224,
            "count": 267
        },
        "ZombAI.Policy.LearningRate.sum": {
            "value": 0.0008878566512143357,
            "min": 0.0008878566512143357,
            "max": 0.00099957760004224,
            "count": 267
        },
        "ZombAI.Policy.Epsilon.mean": {
            "value": 0.18878566400000002,
            "min": 0.18878566400000002,
            "max": 0.19995776000000007,
            "count": 267
        },
        "ZombAI.Policy.Epsilon.sum": {
            "value": 0.18878566400000002,
            "min": 0.18878566400000002,
            "max": 0.19995776000000007,
            "count": 267
        },
        "ZombAI.Policy.Beta.mean": {
            "value": 0.004440404633599999,
            "min": 0.004440404633599999,
            "max": 0.004997892223999999,
            "count": 267
        },
        "ZombAI.Policy.Beta.sum": {
            "value": 0.004440404633599999,
            "min": 0.004440404633599999,
            "max": 0.004997892223999999,
            "count": 267
        }
    },
    "metadata": {
        "timer_format_version": "0.1.0",
        "start_time_seconds": "1683634405",
        "python_version": "3.8.16 (default, Jan 17 2023, 22:25:28) [MSC v.1916 64 bit (AMD64)]",
        "command_line_arguments": "C:\\ProgramData\\Anaconda3\\envs\\ML-Agents-2.0\\Scripts\\mlagents-learn .\\trainer_config.yaml --run-id zm_03 --torch-device cuda",
        "mlagents_version": "0.30.0",
        "mlagents_envs_version": "0.30.0",
        "communication_protocol_version": "1.5.0",
        "pytorch_version": "2.0.0",
        "numpy_version": "1.21.2",
        "end_time_seconds": "1683641381"
    },
    "total": 6975.6640935000005,
    "count": 1,
    "self": 0.0061893000010968535,
    "children": {
        "run_training.setup": {
            "total": 0.09075999999999995,
            "count": 1,
            "self": 0.09075999999999995
        },
        "TrainerController.start_learning": {
            "total": 6975.567144199999,
            "count": 1,
            "self": 14.14833770001951,
            "children": {
                "TrainerController._reset_env": {
                    "total": 15.329051199999999,
                    "count": 1,
                    "self": 15.329051199999999
                },
                "TrainerController.advance": {
                    "total": 6946.01507589998,
                    "count": 703517,
                    "self": 6.977186000021902,
                    "children": {
                        "env_step": {
                            "total": 6939.037889899958,
                            "count": 703517,
                            "self": 3982.4609189000366,
                            "children": {
                                "SubprocessEnvManager._take_step": {
                                    "total": 2949.0023497998704,
                                    "count": 703517,
                                    "self": 36.58517029986706,
                                    "children": {
                                        "TorchPolicy.evaluate": {
                                            "total": 2912.4171795000034,
                                            "count": 703517,
                                            "self": 2912.4171795000034
                                        }
                                    }
                                },
                                "workers": {
                                    "total": 7.574621200050782,
                                    "count": 703516,
                                    "self": 0.0,
                                    "children": {
                                        "worker_root": {
                                            "total": 6937.640499600268,
                                            "count": 703516,
                                            "is_parallel": true,
                                            "self": 3770.111821799993,
                                            "children": {
                                                "steps_from_proto": {
                                                    "total": 0.0004913999999995866,
                                                    "count": 1,
                                                    "is_parallel": true,
                                                    "self": 0.00017979999999973018,